{
  "project_info": {
    "project_number": "202768805228",
    "project_id": "loginfirebase-1b885",
    "storage_bucket": "loginfirebase-1b885.appspot.com"
  },
  "client": [
    {
      "client_info": {
        "mobilesdk_app_id": "1:202768805228:android:b7add5c8d9a75851525749",
        "android_client_info": {
          "package_name": "com.example.loginfirebase"
        }
      },
      "oauth_client": [
        {
          "client_id": "202768805228-hka9vjqtk14c3mgqjv9sjsnmi4vl250j.apps.googleusercontent.com",
          "client_type": 3
        }
      ],
      "api_key": [
        {
          "current_key": "AIzaSyAC4QHESlwSXt4opsQecNHnRL0LG8sYzp4"
        }
      ],
      "services": {
        "appinvite_service": {
          "other_platform_oauth_client": [
            {
              "client_id": "202768805228-hka9vjqtk14c3mgqjv9sjsnmi4vl250j.apps.googleusercontent.com",
              "client_type": 3
            }
          ]
        }
      }
    }
  ],
  "configuration_version": "1"
}